CustomerID,CheckingStatus,LoanDuration,CreditHistory,LoanPurpose,LoanAmount,ExistingSavings,EmploymentDuration,InstallmentPercent,Sex,OthersOnLoan,CurrentResidenceDuration,OwnsProperty,Age,InstallmentPlans,Housing,ExistingCreditsCount,Job,Dependents,Telephone,ForeignWorker,Risk
713a336c-a255-4e2d-9d57-90b3e99e2f06,0_to_200,31,credits_paid_to_date,other,1889,100_to_500,less_1,3,female,none,3,savings_insurance,32,none,own,1,skilled,1,none,yes,No Risk
140b363f-a3fe-4828-a33f-7284dfdb3969,less_0,18,credits_paid_to_date,car_new,462,less_100,1_to_4,2,female,none,2,savings_insurance,37,stores,own,2,skilled,1,none,yes,No Risk
43b7b51d-5eda-4860-b461-ebef3d3436f4,less_0,15,prior_payments_delayed,furniture,250,less_100,1_to_4,2,male,none,3,real_estate,28,none,own,2,skilled,1,yes,no,No Risk
f40eaf08-e6d1-4765-ab20-c5f7faca1635,0_to_200,28,credits_paid_to_date,retraining,3693,less_100,greater_7,3,male,none,2,savings_insurance,32,none,own,1,skilled,1,none,yes,No Risk
1728910a-d3ff-4799-ac50-203a3a58a3fb,no_checking,28,prior_payments_delayed,education,6235,500_to_1000,greater_7,3,male,none,3,unknown,57,none,own,2,skilled,1,none,yes,Risk
a7a23fbe-fb18-4ed5-97df-883d142ab60a,no_checking,32,outstanding_credit,vacation,9604,500_to_1000,greater_7,6,male,co-applicant,5,unknown,57,none,free,2,skilled,2,yes,yes,Risk
74ad5d1c-ac0e-4535-96ac-43dc742dce36,no_checking,9,prior_payments_delayed,car_new,1032,100_to_500,4_to_7,3,male,none,4,savings_insurance,41,none,own,1,management_self-employed,1,none,yes,No Risk
488bf81f-8909-446b-a1a8-9f03256ffd0e,less_0,16,credits_paid_to_date,vacation,3109,less_100,4_to_7,3,female,none,1,car_other,36,none,own,2,skilled,1,none,yes,No Risk
ba4198ab-ebf8-4e0a-b391-53ad5c77fca5,0_to_200,11,credits_paid_to_date,car_new,4553,less_100,less_1,3,female,none,3,savings_insurance,22,none,own,1,management_self-employed,1,none,yes,No Risk
83e5370a-09f1-4c9c-84c9-6660be9da9ec,no_checking,35,outstanding_credit,appliances,7138,500_to_1000,greater_7,5,male,co-applicant,4,unknown,49,none,free,2,skilled,2,yes,yes,Risk
5ff1b18e-e21b-4e93-847b-85cbb8f44e08,less_0,5,all_credits_paid_back,car_new,1523,less_100,unemployed,2,female,none,2,real_estate,19,none,rent,1,management_self-employed,1,none,yes,No Risk
ab8078d3-4bb6-463d-a6a6-b8fd79f8ba46,less_0,9,all_credits_paid_back,car_used,4302,less_100,1_to_4,3,male,none,1,car_other,34,none,free,1,skilled,1,none,yes,No Risk
1e781d31-4b68-48ed-94a8-eb869afb5bfe,no_checking,27,outstanding_credit,furniture,3310,500_to_1000,greater_7,5,male,none,3,car_other,40,none,free,1,skilled,1,yes,yes,No Risk
129270cc-e4ef-4849-9d9f-7be5639c02fc,0_to_200,29,credits_paid_to_date,furniture,3705,less_100,less_1,3,female,co-applicant,3,car_other,44,none,own,1,skilled,1,none,yes,No Risk
c55c1313-4df7-4f46-89fd-e5a55e31dc8a,greater_200,4,all_credits_paid_back,car_new,2407,less_100,1_to_4,3,female,none,2,car_other,52,none,own,1,skilled,2,yes,yes,No Risk
111ea0f0-2f70-4f38-9a84-7670ced62c90,no_checking,33,all_credits_paid_back,furniture,3810,100_to_500,less_1,2,female,co-applicant,4,savings_insurance,35,none,own,1,skilled,1,none,yes,Risk
f8710ab9-c082-4aac-9103-f7be0dd51832,0_to_200,4,all_credits_paid_back,car_new,250,less_100,1_to_4,2,female,none,1,real_estate,26,none,own,1,skilled,1,none,yes,No Risk
893a28cf-e64f-4f76-9e2f-d84be2cd393c,no_checking,39,prior_payments_delayed,repairs,7150,500_to_1000,4_to_7,3,male,co-applicant,4,unknown,52,none,own,2,skilled,1,yes,yes,Risk
210438d1-3dad-41c3-8e66-b7e59fed718f,0_to_200,4,all_credits_paid_back,car_new,250,less_100,1_to_4,2,female,none,2,real_estate,28,none,own,1,skilled,1,none,yes,No Risk
70f2237d-7c71-41e9-abd9-3a4ad44a99a5,less_0,13,all_credits_paid_back,vacation,2317,less_100,less_1,2,female,none,2,savings_insurance,27,stores,own,2,skilled,1,none,yes,No Risk
7f0fb3c6-c350-4bed-8023-9297190b7dc3,0_to_200,15,prior_payments_delayed,furniture,250,500_to_1000,4_to_7,3,male,none,2,savings_insurance,24,none,own,2,skilled,2,yes,yes,No Risk
4d6291f6-15d6-4639-a8b6-a26290bc1e1b,0_to_200,16,prior_payments_delayed,car_new,5551,100_to_500,1_to_4,3,male,none,3,car_other,34,none,rent,2,management_self-employed,1,none,yes,No Risk
20f72709-290a-43e1-a8b7-933e31da4894,no_checking,34,prior_payments_delayed,furniture,6063,unknown,1_to_4,4,male,none,5,car_other,40,none,own,2,skilled,1,none,yes,No Risk
81d4bafa-e8aa-4cbe-905d-ee02d65f7e74,less_0,13,all_credits_paid_back,radio_tv,1045,100_to_500,less_1,2,female,none,1,real_estate,24,none,rent,1,skilled,1,none,yes,No Risk
7891c380-a4e5-4553-9bfd-e4ee10d4ab3e,less_0,15,credits_paid_to_date,vacation,250,less_100,4_to_7,2,female,none,2,real_estate,19,stores,rent,1,skilled,1,none,yes,No Risk
e82cd4c7-9751-41d4-8623-6ac9849be582,0_to_200,33,credits_paid_to_date,repairs,3946,less_100,4_to_7,2,female,none,2,car_other,33,stores,own,1,unskilled,1,none,yes,No Risk
92b3861f-6efa-46de-a3d1-c68fd8de0fe5,less_0,23,prior_payments_delayed,car_used,250,greater_1000,1_to_4,2,male,none,3,real_estate,19,stores,rent,1,skilled,1,none,yes,No Risk
2c2ab7ee-a750-4ac4-97f8-87888d21b647,less_0,9,prior_payments_delayed,furniture,292,less_100,less_1,2,female,none,3,car_other,51,none,rent,1,skilled,1,none,yes,No Risk
2961f688-251a-4564-8ed2-9c5c7ca9859c,no_checking,10,prior_payments_delayed,radio_tv,4312,100_to_500,less_1,3,female,none,3,car_other,38,none,own,1,skilled,2,yes,yes,No Risk
4f1deb5d-0b36-4304-ba7a-ed03563441d0,no_checking,25,outstanding_credit,radio_tv,6945,500_to_1000,1_to_4,4,female,none,4,unknown,46,none,own,1,management_self-employed,1,yes,yes,Risk
de34d867-3f79-4b5a-adb9-cd24ae4dd0fd,no_checking,20,prior_payments_delayed,appliances,2827,unknown,4_to_7,3,male,co-applicant,3,savings_insurance,31,none,own,1,skilled,1,none,yes,No Risk
cf9e6a2e-7ecc-4f6d-bff6-84360373b8e5,no_checking,26,prior_payments_delayed,appliances,4391,500_to_1000,greater_7,4,female,none,3,car_other,39,stores,own,2,unskilled,2,yes,yes,Risk
586d53fc-475f-4332-9a86-c51651b286d7,less_0,21,prior_payments_delayed,car_used,319,100_to_500,greater_7,3,male,none,3,savings_insurance,32,none,rent,1,skilled,1,none,yes,Risk
6e617642-fb49-4ee9-b089-f21bff47a9da,0_to_200,28,credits_paid_to_date,furniture,3519,less_100,4_to_7,4,male,none,2,savings_insurance,39,none,own,1,skilled,1,yes,yes,No Risk
38819759-181b-4e40-bb36-420aa66b4a9d,0_to_200,7,credits_paid_to_date,car_new,250,less_100,less_1,1,female,none,2,real_estate,31,none,own,1,skilled,1,none,yes,No Risk
e7cc0ebe-5cfb-4d7e-8a45-35eab969e9ec,less_0,15,prior_payments_delayed,car_used,1420,100_to_500,4_to_7,2,male,none,3,car_other,35,stores,rent,1,skilled,1,none,yes,No Risk
0c8543f5-3c56-4b9f-917c-a39b8bd3da77,greater_200,14,prior_payments_delayed,car_new,1683,100_to_500,1_to_4,3,male,co-applicant,4,savings_insurance,35,none,own,1,skilled,1,yes,yes,No Risk
537889ab-1f12-4336-8560-cdf092841e8e,no_checking,28,outstanding_credit,car_used,4904,500_to_1000,1_to_4,2,male,none,3,car_other,40,none,own,1,skilled,2,yes,yes,Risk
0bab2837-63be-4823-a5fe-3a6c87a1321f,no_checking,28,prior_payments_delayed,repairs,3789,100_to_500,4_to_7,4,male,none,4,car_other,29,none,own,2,skilled,1,none,yes,Risk
5d2d6cf8-58db-40aa-b9c9-e23c8d5fd638,no_checking,64,outstanding_credit,retraining,9918,unknown,4_to_7,6,male,co-applicant,5,unknown,49,none,free,2,skilled,2,yes,yes,Risk
60b15619-77c8-4b4e-91b1-bb640fcf2fe0,0_to_200,6,all_credits_paid_back,car_used,3115,less_100,1_to_4,2,female,co-applicant,2,real_estate,27,none,own,1,skilled,1,none,yes,Risk
d935c978-bdaf-464c-b06f-27ee08095ede,less_0,10,all_credits_paid_back,car_new,1400,less_100,less_1,1,female,none,1,car_other,28,stores,own,1,skilled,1,none,yes,No Risk
2af3c398-983f-4ac4-be49-ead73b417b66,0_to_200,7,all_credits_paid_back,car_new,250,less_100,less_1,2,male,none,1,real_estate,22,none,rent,1,skilled,1,none,yes,No Risk
af4f14a8-c348-4788-83a8-c6b1477eb861,no_checking,31,prior_payments_delayed,furniture,7685,100_to_500,4_to_7,4,male,none,4,unknown,51,none,free,2,skilled,1,yes,yes,Risk
600f8731-20c4-4745-a955-d1e4df9d3b75,less_0,4,credits_paid_to_date,car_new,250,less_100,1_to_4,2,female,none,1,real_estate,19,stores,own,1,skilled,1,none,yes,No Risk
2efd054f-96ca-4011-8a76-0839ff8dcb5e,no_checking,25,credits_paid_to_date,radio_tv,3818,greater_1000,1_to_4,2,male,none,4,savings_insurance,36,none,rent,2,skilled,1,none,yes,Risk
59f69791-1ef1-4e60-87f3-2ae61d24d5e4,0_to_200,19,credits_paid_to_date,car_used,1897,100_to_500,unemployed,1,male,none,3,savings_insurance,19,none,rent,1,skilled,1,none,yes,No Risk
73f1a418-8313-4dd3-a05e-f677ed361854,less_0,39,outstanding_credit,appliances,4131,100_to_500,1_to_4,4,male,none,4,unknown,29,bank,own,1,unskilled,1,yes,yes,No Risk
e22c1315-2965-4e9a-9b54-8645a1724e4d,no_checking,35,outstanding_credit,repairs,3541,greater_1000,greater_7,5,male,none,4,car_other,45,none,own,1,skilled,1,yes,yes,Risk
9180f342-83ae-4267-9d4a-53755501c2f7,less_0,17,credits_paid_to_date,repairs,3861,less_100,1_to_4,3,male,none,3,real_estate,25,none,own,1,skilled,1,none,yes,No Risk
5d7c5c69-2ac2-4019-b28b-c28d87c5d5ab,no_checking,38,outstanding_credit,other,6086,unknown,greater_7,4,female,co-applicant,5,unknown,44,stores,rent,2,unskilled,2,yes,yes,Risk
0f1af487-5f38-446c-9245-63a22093d6e3,no_checking,26,prior_payments_delayed,radio_tv,6402,100_to_500,4_to_7,4,female,none,4,unknown,52,none,free,2,skilled,1,yes,yes,No Risk
fef10be2-892a-4b8b-b014-b5eaf23ad8ff,no_checking,8,no_credits,car_new,250,less_100,1_to_4,3,female,none,3,real_estate,46,none,own,2,management_self-employed,2,none,yes,No Risk
d933f42d-6a44-440e-95e2-b8a1ed5b8c12,no_checking,30,outstanding_credit,appliances,7650,500_to_1000,1_to_4,4,female,none,4,unknown,59,none,free,2,management_self-employed,2,yes,yes,Risk
08360669-d14f-495d-acad-58754e8d0a83,no_checking,28,outstanding_credit,appliances,5990,500_to_1000,greater_7,5,male,co-applicant,3,car_other,55,none,free,2,skilled,2,yes,yes,Risk
1a0a95e0-ee9b-4033-a612-e2a1e6e58fde,greater_200,22,all_credits_paid_back,car_used,3376,less_100,less_1,3,female,none,2,car_other,32,none,own,1,skilled,1,none,yes,No Risk
24c2e9c1-7a7d-49d7-ad98-aa441485d7ec,no_checking,39,credits_paid_to_date,vacation,6434,unknown,greater_7,5,female,none,4,car_other,39,none,own,2,skilled,2,yes,yes,Risk
95aad9cc-0fca-4a1d-accc-71f4244278ca,0_to_200,20,credits_paid_to_date,furniture,2442,less_100,unemployed,3,female,none,1,real_estate,42,none,own,1,skilled,1,none,yes,No Risk
1775dbd1-efee-4fe2-883b-2ec473cb791d,greater_200,4,all_credits_paid_back,education,4206,less_100,unemployed,1,female,none,3,savings_insurance,27,none,own,1,management_self-employed,1,none,yes,No Risk
678ccc77-8ac9-4d2f-832b-1335e706184a,greater_200,23,credits_paid_to_date,car_used,2963,greater_1000,greater_7,4,female,none,4,car_other,46,none,own,2,skilled,1,none,yes,Risk
7c5cb137-d42d-4e61-b684-796ae2926ca8,no_checking,31,prior_payments_delayed,vacation,2673,500_to_1000,1_to_4,3,male,none,2,real_estate,35,stores,rent,1,skilled,2,none,yes,Risk
d20dcec8-4079-4b1e-a5de-94999f224319,no_checking,37,prior_payments_delayed,other,6971,500_to_1000,1_to_4,3,male,none,3,savings_insurance,54,none,own,2,skilled,1,yes,yes,Risk
d5d653f8-ea24-4612-82de-64a337718a76,no_checking,14,all_credits_paid_back,car_new,1525,500_to_1000,4_to_7,3,male,none,4,real_estate,33,none,own,1,skilled,1,none,yes,No Risk
f07da28a-7449-4634-8c8f-ca93103a8c3e,less_0,10,prior_payments_delayed,furniture,4037,less_100,4_to_7,3,male,none,3,savings_insurance,31,none,rent,1,skilled,1,none,yes,Risk
9ab932ef-c8af-4d63-b262-596ffd3a7c2b,0_to_200,28,credits_paid_to_date,retraining,1152,less_100,less_1,2,female,none,2,savings_insurance,20,stores,own,1,skilled,1,none,yes,No Risk
843c02b1-bc35-49e9-a819-42cd4c24bac1,less_0,17,credits_paid_to_date,car_new,1880,less_100,less_1,3,female,co-applicant,2,savings_insurance,41,none,own,1,skilled,1,none,yes,No Risk
bac83a19-b90d-4a52-bfb0-dda8f6e8b20e,0_to_200,39,prior_payments_delayed,appliances,5685,100_to_500,1_to_4,4,female,none,2,unknown,37,none,own,2,skilled,1,yes,yes,Risk
6b8e6012-3602-4c6e-9b3e-783d8132f874,no_checking,32,prior_payments_delayed,radio_tv,5105,500_to_1000,1_to_4,4,male,none,5,savings_insurance,44,none,own,2,management_self-employed,1,none,yes,Risk
26189342-468c-45b1-99af-243b1cf958b4,no_checking,38,prior_payments_delayed,appliances,4990,500_to_1000,greater_7,4,male,none,4,car_other,50,bank,own,2,unemployed,2,yes,yes,Risk
295b0319-5747-4ef8-b3d7-29427479b46f,less_0,17,credits_paid_to_date,furniture,1017,less_100,less_1,2,female,none,1,car_other,30,none,own,1,skilled,1,none,yes,No Risk
33ef48bf-5c4a-4b18-81a4-cde15450584b,less_0,33,all_credits_paid_back,car_new,3618,500_to_1000,4_to_7,2,male,none,3,unknown,31,stores,own,2,unskilled,1,none,yes,No Risk
59cf1d68-8821-4882-9d55-a0f125cafb25,less_0,12,no_credits,car_new,3037,less_100,less_1,1,female,none,2,car_other,31,stores,own,1,skilled,1,none,yes,No Risk
b5adfc49-a8bf-4d51-9d64-c81609ae0c96,no_checking,23,prior_payments_delayed,furniture,1440,100_to_500,1_to_4,3,female,none,3,real_estate,39,stores,own,1,unskilled,1,yes,yes,No Risk
f2b71d96-b66d-4a3a-bdfc-018862e5fdb7,less_0,18,prior_payments_delayed,retraining,4032,less_100,1_to_4,2,female,none,2,car_other,36,none,rent,1,skilled,1,none,yes,No Risk
85a934b8-f2b9-4274-bd14-ea9b4c80613b,no_checking,11,prior_payments_delayed,car_used,944,greater_1000,1_to_4,3,male,none,4,real_estate,35,none,own,1,management_self-employed,1,yes,yes,No Risk
4efbdfc5-4e14-46c3-ab87-9b4d2c7d2e60,no_checking,36,prior_payments_delayed,appliances,5927,unknown,greater_7,4,male,co-applicant,3,savings_insurance,47,none,own,2,skilled,1,none,yes,Risk
96429d21-7471-4610-9ed6-0b4713615fb9,no_checking,50,outstanding_credit,other,4694,unknown,greater_7,4,female,none,4,unknown,37,none,own,1,skilled,2,yes,yes,Risk
5dcccf9d-b365-4876-b025-ce3ffaad8f1e,no_checking,32,prior_payments_delayed,radio_tv,10584,100_to_500,1_to_4,3,male,co-applicant,3,unknown,46,stores,own,2,unskilled,2,yes,yes,No Risk
8e110c04-95a5-46d6-9860-56303663d9f8,no_checking,41,prior_payments_delayed,furniture,8900,500_to_1000,4_to_7,4,male,co-applicant,3,car_other,26,none,free,2,skilled,1,yes,yes,Risk
52b7b0f6-bc8e-4524-9e65-bdcab76239d1,0_to_200,14,credits_paid_to_date,car_used,1144,100_to_500,less_1,2,female,none,2,real_estate,33,none,rent,1,skilled,1,none,yes,No Risk
23c08c00-23b6-4461-852d-5ac971a967e0,no_checking,14,outstanding_credit,appliances,1680,100_to_500,greater_7,4,male,none,3,car_other,47,none,own,1,management_self-employed,1,none,yes,No Risk
c33f8b0f-f9f9-4ed1-8f76-9413da8b091e,0_to_200,23,credits_paid_to_date,retraining,3387,less_100,less_1,3,female,none,3,savings_insurance,28,none,own,1,skilled,1,none,yes,No Risk
272ca005-d4c8-4362-b2cf-c161b90ba2a1,no_checking,14,credits_paid_to_date,furniture,1269,500_to_1000,greater_7,2,male,none,2,savings_insurance,39,none,own,1,skilled,1,none,yes,No Risk
30afd105-01a3-4b5d-a2ac-f170c84379fe,no_checking,36,prior_payments_delayed,appliances,9570,100_to_500,4_to_7,4,male,co-applicant,3,car_other,53,none,free,2,skilled,1,yes,yes,No Risk
220a11a1-bd6b-4fcb-a4de-e7109824df91,less_0,16,credits_paid_to_date,car_new,1428,less_100,4_to_7,1,male,none,1,car_other,20,bank,rent,1,unemployed,1,yes,yes,No Risk
7bc068fc-3df2-49ee-879a-b87e5bde1b02,no_checking,24,outstanding_credit,car_used,4620,greater_1000,1_to_4,3,male,none,4,savings_insurance,40,none,own,2,skilled,1,yes,yes,No Risk
9f3032d1-a22c-4f64-a5a0-427690ac0842,no_checking,34,prior_payments_delayed,furniture,2196,500_to_1000,greater_7,3,male,none,4,savings_insurance,27,none,own,1,skilled,1,none,yes,No Risk
c92ea8f3-bb7a-4e3e-b9a0-ab33e8fe3964,no_checking,25,prior_payments_delayed,car_used,8708,100_to_500,1_to_4,4,male,none,5,car_other,43,none,free,2,management_self-employed,1,none,yes,No Risk
799e2592-1662-4a2e-930d-b0dc0529b26a,no_checking,37,outstanding_credit,radio_tv,10550,unknown,greater_7,5,male,co-applicant,4,unknown,48,stores,own,2,unemployed,2,yes,yes,Risk
1f686238-110b-49c8-8ee3-8e766ff76974,no_checking,27,prior_payments_delayed,radio_tv,4981,500_to_1000,4_to_7,4,male,none,4,savings_insurance,47,none,own,2,management_self-employed,2,yes,yes,No Risk
1aa86cd9-b356-47cf-820d-18fd0c9ebe87,less_0,13,all_credits_paid_back,car_new,2436,less_100,less_1,2,female,none,1,savings_insurance,19,stores,own,1,skilled,1,none,yes,No Risk
7caec729-8b83-440a-b07e-685da1b0222e,greater_200,25,outstanding_credit,appliances,4136,100_to_500,4_to_7,3,male,none,2,car_other,46,bank,own,1,unemployed,1,yes,yes,No Risk
5724f941-b196-4c06-9ec5-27ff461de575,no_checking,15,credits_paid_to_date,retraining,4014,less_100,1_to_4,4,male,co-applicant,4,savings_insurance,33,none,own,1,skilled,1,yes,yes,Risk
97995908-190d-47c2-97c6-97162142d2b9,no_checking,28,prior_payments_delayed,appliances,5440,100_to_500,4_to_7,3,female,none,2,unknown,40,none,own,2,skilled,1,yes,yes,Risk
9f1f0741-7027-45f5-8084-70cc1a9e3111,less_0,13,prior_payments_delayed,appliances,250,500_to_1000,4_to_7,2,male,none,3,car_other,28,stores,own,1,skilled,1,none,yes,No Risk
a821557d-d36c-4e4f-9cdf-a6cc121638c1,less_0,19,credits_paid_to_date,furniture,2111,less_100,4_to_7,3,male,none,2,savings_insurance,34,bank,own,1,unemployed,2,none,yes,No Risk
d64767f1-83cb-43e7-9293-3b50681f9115,no_checking,27,prior_payments_delayed,appliances,6455,100_to_500,4_to_7,3,male,none,4,car_other,43,none,own,1,skilled,1,none,yes,Risk
4dd9e54a-8fd4-423e-ae26-81adc0eb815a,less_0,17,credits_paid_to_date,car_used,250,less_100,4_to_7,3,female,none,2,real_estate,40,none,free,2,skilled,1,none,yes,No Risk
12a77876-072d-4f85-8dba-b515c21e5bc9,no_checking,27,prior_payments_delayed,radio_tv,4521,100_to_500,less_1,4,male,none,4,savings_insurance,28,none,own,1,management_self-employed,2,yes,yes,No Risk
ea73218a-59e5-4067-99a1-2201e9fdd79b,no_checking,37,prior_payments_delayed,other,7945,500_to_1000,1_to_4,4,male,none,4,savings_insurance,39,none,own,2,management_self-employed,1,none,yes,No Risk
4e561ef3-a927-4107-aa12-18ac5772ec63,less_0,6,all_credits_paid_back,car_used,250,less_100,1_to_4,2,male,none,2,savings_insurance,28,stores,rent,1,skilled,1,none,yes,Risk
2663eaee-4f6b-4c84-b816-0b589b6690c8,less_0,14,all_credits_paid_back,appliances,1431,less_100,unemployed,1,female,none,1,car_other,25,stores,own,1,skilled,1,none,yes,Risk
c1324b0f-7b7d-42d5-896b-ee81988e54f3,greater_200,5,credits_paid_to_date,car_used,250,less_100,4_to_7,3,male,none,2,savings_insurance,42,none,rent,1,skilled,1,none,yes,No Risk
c199d5c4-8b0e-4f86-8d36-9b3528ed69b0,less_0,11,all_credits_paid_back,furniture,2016,less_100,less_1,1,female,none,1,car_other,34,bank,own,1,unemployed,1,none,yes,No Risk
c8b70d96-763d-4af5-835a-fc8e1008cfa1,less_0,4,credits_paid_to_date,car_new,250,less_100,unemployed,1,female,none,1,real_estate,29,none,rent,1,skilled,1,none,yes,No Risk
35da2f0d-d406-4c20-a988-9a52d6ba52eb,0_to_200,16,prior_payments_delayed,radio_tv,1923,100_to_500,less_1,3,female,none,2,car_other,46,none,rent,1,skilled,2,none,yes,Risk
3e743df8-757d-4407-8d11-79d77d5211db,less_0,5,prior_payments_delayed,car_used,2528,less_100,1_to_4,2,male,none,2,real_estate,23,none,rent,1,skilled,1,none,yes,No Risk
12ce7265-1899-4555-8240-61ad20ff487f,greater_200,29,prior_payments_delayed,vacation,7083,500_to_1000,4_to_7,4,female,none,4,unknown,49,none,own,2,skilled,2,yes,yes,Risk
b9258f4e-adf7-4d7a-bb16-22cb2ae13b1c,no_checking,43,prior_payments_delayed,repairs,8886,greater_1000,greater_7,5,male,co-applicant,4,car_other,35,none,free,2,skilled,1,yes,yes,No Risk
6dc217c3-70f0-48d8-99ea-5e0c861d6782,no_checking,24,prior_payments_delayed,radio_tv,4393,100_to_500,less_1,3,female,none,3,real_estate,41,none,own,1,management_self-employed,1,none,yes,No Risk
78a5ba72-8c6d-410c-b421-db0108f2c722,no_checking,32,outstanding_credit,appliances,8032,500_to_1000,1_to_4,3,male,none,3,unknown,41,none,own,1,skilled,1,none,yes,No Risk
43051d1e-375c-4a7c-8f02-c4a7ffe797b6,less_0,20,credits_paid_to_date,car_used,6201,500_to_1000,4_to_7,4,male,guarantor,4,unknown,40,stores,own,2,unskilled,1,yes,yes,No Risk
fb256785-8b43-4d7f-81aa-74f383048a29,0_to_200,28,prior_payments_delayed,car_used,3952,greater_1000,greater_7,4,male,none,4,savings_insurance,36,none,own,2,skilled,1,none,yes,No Risk
89d67a70-b116-4875-9ca2-a7b1ae01d88b,less_0,16,prior_payments_delayed,car_used,2122,less_100,1_to_4,2,male,none,3,car_other,32,none,own,2,skilled,1,none,yes,No Risk
a3573319-74f7-49ce-9ccd-db0a4fe4c09f,less_0,4,all_credits_paid_back,car_new,250,less_100,unemployed,1,male,none,1,real_estate,19,none,rent,1,skilled,1,none,yes,No Risk
1fa2fc65-54b1-41cb-a67b-d351698d4591,no_checking,29,outstanding_credit,appliances,5220,500_to_1000,greater_7,4,male,co-applicant,3,car_other,52,none,free,2,skilled,1,yes,yes,Risk
716a2b33-bce1-46a1-a70e-5153eca00a34,less_0,13,credits_paid_to_date,furniture,1276,500_to_1000,1_to_4,3,male,none,1,real_estate,23,none,own,1,skilled,1,none,yes,No Risk
bd661f3f-920c-4f1a-9ada-f2e392dd6a27,0_to_200,14,credits_paid_to_date,furniture,1074,less_100,4_to_7,3,male,none,2,savings_insurance,35,none,rent,1,skilled,1,none,yes,No Risk
0e952148-eb82-4de5-bd2a-591ee2432610,less_0,4,all_credits_paid_back,radio_tv,250,less_100,unemployed,2,male,none,1,real_estate,19,none,rent,1,skilled,1,none,yes,No Risk
e31ced67-90c0-4a8f-96a6-721e79b461be,0_to_200,16,credits_paid_to_date,vacation,2691,less_100,1_to_4,3,female,none,2,car_other,36,none,free,1,skilled,1,none,yes,No Risk
52c92807-4101-48e4-ade5-df769cf65a1d,greater_200,10,credits_paid_to_date,furniture,1668,less_100,less_1,2,female,none,2,real_estate,20,none,own,1,skilled,1,none,yes,No Risk
a407a6a0-62a4-4a85-a7db-6067a914b110,0_to_200,29,credits_paid_to_date,radio_tv,5536,less_100,4_to_7,3,female,none,3,unknown,52,stores,own,2,skilled,1,yes,yes,No Risk
5da01b9a-f2a4-442f-90f6-ddcc95fc9484,0_to_200,20,credits_paid_to_date,car_used,3713,less_100,less_1,3,male,none,2,real_estate,29,none,rent,1,skilled,1,none,yes,No Risk
488fea64-e42d-41c2-8991-a4a2738b2d3f,no_checking,32,outstanding_credit,repairs,6331,unknown,greater_7,5,male,co-applicant,4,car_other,48,none,free,2,management_self-employed,2,yes,yes,Risk
0ff2f80c-8d6f-4b2a-ad41-f3c0a0905385,less_0,7,credits_paid_to_date,vacation,250,less_100,4_to_7,3,female,none,3,real_estate,19,none,own,1,skilled,1,none,yes,No Risk
8aeab9e5-fb03-448d-834f-df2d5009fdae,less_0,33,credits_paid_to_date,business,2398,less_100,less_1,3,male,none,3,savings_insurance,22,none,own,1,skilled,1,none,yes,No Risk
bf163957-ad37-4284-b724-5243a7d4b0e6,no_checking,37,prior_payments_delayed,other,5843,unknown,greater_7,5,male,none,3,savings_insurance,49,none,own,3,skilled,2,yes,yes,Risk
7bc30169-c89f-42a0-9b8d-2dbdfafa6514,less_0,14,all_credits_paid_back,furniture,250,less_100,less_1,2,male,none,1,real_estate,30,none,own,2,skilled,1,none,yes,No Risk
550a1899-1f2a-4556-aba0-b6310aa5af25,no_checking,25,prior_payments_delayed,radio_tv,7587,500_to_1000,1_to_4,4,male,none,4,car_other,38,none,own,2,management_self-employed,1,none,yes,No Risk
0da20132-21a6-4a03-a6cb-042a537c4281,0_to_200,13,prior_payments_delayed,radio_tv,2453,less_100,4_to_7,3,male,none,2,car_other,39,none,own,2,skilled,1,none,yes,No Risk
86dabdfa-034e-4d0f-9987-7579774791c6,0_to_200,4,prior_payments_delayed,car_used,357,less_100,less_1,2,female,none,2,savings_insurance,34,bank,rent,1,unskilled,1,none,yes,No Risk
9152547a-078c-4d86-8312-0119408be1f8,0_to_200,18,prior_payments_delayed,retraining,7506,500_to_1000,1_to_4,3,male,none,3,unknown,46,none,free,3,skilled,1,yes,yes,Risk
9304f1f4-0d18-4d81-9010-2500c5275175,less_0,14,prior_payments_delayed,furniture,1697,less_100,1_to_4,3,female,none,3,car_other,19,none,own,1,skilled,1,none,yes,No Risk
977b2090-63e6-4a06-b2ea-20e686071936,0_to_200,14,credits_paid_to_date,car_new,1939,500_to_1000,1_to_4,2,male,co-applicant,4,car_other,36,none,free,1,skilled,1,yes,yes,Risk
df6c6fc5-0506-4a5c-b433-5a5103762305,less_0,4,all_credits_paid_back,car_new,2783,less_100,less_1,2,female,none,1,savings_insurance,31,none,own,1,skilled,1,none,yes,No Risk
6236a28a-bd17-4825-a2bd-3bb2e36e2d22,no_checking,35,outstanding_credit,appliances,6996,unknown,greater_7,5,male,co-applicant,4,unknown,52,stores,own,2,unskilled,2,yes,yes,Risk
62bbb33c-53d2-49fa-81a1-b5e776813488,no_checking,23,prior_payments_delayed,furniture,3786,greater_1000,4_to_7,4,male,guarantor,5,car_other,38,none,own,1,skilled,1,yes,yes,No Risk
9f64bf78-4a0d-470e-b5f8-0da9c3d2f588,0_to_200,23,prior_payments_delayed,retraining,2964,less_100,less_1,2,male,none,3,real_estate,32,none,own,1,skilled,1,yes,yes,No Risk
8f13923c-5e2e-4da0-8174-3af9449b944b,less_0,12,all_credits_paid_back,furniture,250,less_100,unemployed,2,female,none,2,savings_insurance,27,bank,rent,1,unemployed,2,yes,yes,No Risk
12c48839-0265-4339-a830-72f87033ed66,no_checking,25,outstanding_credit,education,5614,500_to_1000,1_to_4,4,male,none,3,car_other,45,none,own,1,management_self-employed,1,none,yes,No Risk
0cfa3364-bcda-4515-9c6b-b5f344576099,less_0,4,all_credits_paid_back,vacation,2064,less_100,1_to_4,2,female,none,1,savings_insurance,19,bank,rent,1,unskilled,1,none,yes,No Risk
b78bd2fc-cbe6-46fd-8348-152e7a143a56,no_checking,35,prior_payments_delayed,furniture,5222,unknown,greater_7,4,male,guarantor,3,savings_insurance,53,none,free,2,skilled,2,yes,yes,No Risk
6796be05-6b6a-409b-b39d-bf9439570f27,no_checking,25,credits_paid_to_date,car_used,2056,500_to_1000,4_to_7,3,male,none,4,real_estate,30,stores,own,2,skilled,1,none,yes,No Risk
8d558e38-2ad2-4f19-8db4-e4bc9685baff,less_0,14,all_credits_paid_back,car_used,250,less_100,1_to_4,1,female,none,2,car_other,33,stores,rent,1,unskilled,1,none,yes,No Risk
ed111fa6-46eb-40a4-83a9-bd1b03ed8a13,no_checking,8,credits_paid_to_date,vacation,4448,less_100,4_to_7,2,male,none,3,car_other,40,none,own,1,management_self-employed,1,yes,yes,Risk
b95a257a-af06-430d-8129-64151d413652,0_to_200,24,outstanding_credit,radio_tv,3091,500_to_1000,less_1,2,male,none,3,savings_insurance,37,bank,rent,2,unskilled,2,yes,yes,No Risk
8e1e597e-5073-4fd3-b258-564827213091,0_to_200,11,credits_paid_to_date,vacation,3605,less_100,1_to_4,3,female,none,2,savings_insurance,19,none,rent,1,skilled,1,none,yes,No Risk
3576dab6-a998-4e6c-8c9c-6dd6e9804470,0_to_200,14,prior_payments_delayed,car_new,2609,less_100,4_to_7,4,male,none,2,savings_insurance,33,bank,rent,1,unskilled,1,yes,yes,No Risk
098740ea-66f5-40fc-931e-c7558865424e,no_checking,8,credits_paid_to_date,furniture,463,greater_1000,4_to_7,3,male,none,4,savings_insurance,42,none,own,2,skilled,1,yes,yes,No Risk
c8a986ee-1421-4344-b36d-327e43c607a6,greater_200,35,all_credits_paid_back,car_used,5208,less_100,4_to_7,3,male,none,2,savings_insurance,31,none,own,2,skilled,1,yes,yes,No Risk
43d885ff-9f16-4ac6-a4e8-08a04720cc97,0_to_200,16,credits_paid_to_date,furniture,1524,less_100,less_1,1,female,none,1,savings_insurance,36,stores,own,1,skilled,1,none,yes,No Risk
255198fa-b481-4df6-9bf5-c5e5cf4da6dd,0_to_200,22,credits_paid_to_date,radio_tv,2783,less_100,less_1,3,male,none,2,savings_insurance,28,none,own,1,skilled,1,none,yes,No Risk
ed38815b-5eb6-482c-954e-5e05fc837404,no_checking,16,credits_paid_to_date,repairs,6907,less_100,less_1,4,female,none,3,car_other,34,none,own,1,management_self-employed,1,yes,yes,No Risk
3fd4fcff-8d91-4939-9454-ca9e2cbe5bbc,less_0,16,all_credits_paid_back,car_new,250,100_to_500,less_1,1,male,none,1,savings_insurance,20,none,rent,1,skilled,1,none,yes,No Risk
7c301ea6-69fa-4e4b-988f-51d7071f3186,less_0,15,credits_paid_to_date,furniture,250,less_100,4_to_7,2,male,none,1,savings_insurance,27,stores,own,1,skilled,1,none,yes,No Risk
b6d47c2a-3089-4544-90f5-762ab7275e88,no_checking,41,outstanding_credit,retraining,6674,500_to_1000,4_to_7,5,male,none,5,savings_insurance,44,stores,free,2,unskilled,1,yes,yes,Risk
469399d0-ccca-448a-8eb6-33e74dba0edc,0_to_200,26,credits_paid_to_date,radio_tv,250,less_100,4_to_7,2,male,none,2,real_estate,22,stores,own,1,skilled,1,none,yes,No Risk
bac5f524-4ac3-4db3-98b7-49c17fa134df,less_0,16,prior_payments_delayed,car_new,1149,less_100,1_to_4,3,male,none,2,savings_insurance,45,none,own,2,skilled,1,yes,yes,Risk
e5af6566-adf0-473f-8daa-78bf73cdffbb,no_checking,25,prior_payments_delayed,repairs,4183,100_to_500,1_to_4,4,female,none,2,car_other,24,none,own,1,skilled,1,none,yes,No Risk
f6ef48d2-1343-4b49-8eb2-e8e8519d9695,no_checking,40,outstanding_credit,retraining,7846,greater_1000,greater_7,4,male,guarantor,4,unknown,56,none,free,2,skilled,1,yes,yes,Risk
4bef5889-69ad-4bc8-b5da-67817aa578e7,no_checking,13,all_credits_paid_back,furniture,778,less_100,4_to_7,2,male,none,2,savings_insurance,22,none,rent,1,skilled,1,none,yes,No Risk
8da270c4-554f-4121-a483-28c7b7f445cb,no_checking,50,outstanding_credit,appliances,7443,unknown,greater_7,4,male,co-applicant,4,unknown,56,bank,own,3,unemployed,2,yes,yes,Risk
413920c8-22bd-4ebf-8751-f6ff6cc3b886,0_to_200,25,outstanding_credit,furniture,1244,100_to_500,1_to_4,2,female,none,3,savings_insurance,40,stores,free,2,skilled,1,yes,yes,No Risk
2130cf5e-8734-4ef2-8bce-fc5ef9ec52f4,0_to_200,25,all_credits_paid_back,radio_tv,2429,500_to_1000,1_to_4,3,male,none,3,savings_insurance,29,none,own,1,skilled,1,none,yes,No Risk
5fb8ab2f-cc32-4889-a0f4-60bc5e459384,less_0,4,all_credits_paid_back,car_new,250,less_100,unemployed,1,female,none,2,real_estate,19,none,rent,1,skilled,1,none,yes,No Risk
76fd577a-9292-4aa5-9831-87102e5da3be,no_checking,25,outstanding_credit,furniture,5371,500_to_1000,greater_7,4,male,none,4,unknown,45,none,free,2,skilled,2,yes,yes,Risk
3bd07bcb-6ade-4d29-9fff-58d6d1997bec,no_checking,31,prior_payments_delayed,appliances,3453,500_to_1000,less_1,3,female,co-applicant,3,savings_insurance,27,none,own,1,skilled,1,yes,yes,Risk
d3764e70-969e-4b70-b097-92010512f765,no_checking,35,prior_payments_delayed,repairs,5601,unknown,4_to_7,4,male,none,5,car_other,42,none,rent,2,skilled,1,yes,yes,No Risk
f5ee72fa-c186-487e-85b0-3d7d3bc60596,0_to_200,4,prior_payments_delayed,car_new,250,less_100,1_to_4,2,male,none,2,real_estate,29,none,own,1,skilled,1,none,yes,No Risk
b8a5f43f-0f63-4efc-8029-98f4529bbd6a,0_to_200,19,credits_paid_to_date,retraining,5368,less_100,4_to_7,3,female,none,1,unknown,42,none,own,1,skilled,2,none,yes,No Risk
6c1277d1-471d-45e5-aac3-027cf3fe1417,less_0,4,no_credits,car_new,250,less_100,unemployed,1,male,none,2,real_estate,19,none,rent,1,skilled,1,none,yes,No Risk
57afb715-d07e-4de2-95ba-de10465ab9ea,no_checking,48,outstanding_credit,other,7083,500_to_1000,greater_7,5,male,co-applicant,4,unknown,53,none,free,2,skilled,2,yes,yes,Risk
4e57ba55-9c3f-4d08-a370-ce737391a953,0_to_200,18,credits_paid_to_date,car_new,250,less_100,unemployed,2,female,none,2,real_estate,24,none,own,1,skilled,1,none,yes,No Risk
23d807d1-1387-43a0-b9a7-f9e6fd91efe5,no_checking,25,outstanding_credit,furniture,6221,unknown,4_to_7,4,male,co-applicant,5,car_other,54,none,free,3,management_self-employed,2,yes,yes,Risk
ed8ffa78-c3cc-4359-9c8e-6ba610196c68,0_to_200,13,credits_paid_to_date,car_new,2719,500_to_1000,1_to_4,3,male,none,2,savings_insurance,38,none,own,2,skilled,1,none,yes,No Risk
83600803-6009-46ee-89ef-14aa8a71af4d,0_to_200,17,prior_payments_delayed,car_new,4188,greater_1000,greater_7,4,male,none,3,unknown,43,none,own,2,skilled,1,none,yes,No Risk
bfc0d282-ba62-48ee-b4e8-ced75d2ca40f,0_to_200,5,no_credits,car_new,4855,less_100,unemployed,1,female,none,3,car_other,25,none,own,1,skilled,1,none,yes,No Risk
3932879a-8058-411d-a19a-a6ae753d9472,0_to_200,21,prior_payments_delayed,retraining,5308,greater_1000,greater_7,3,male,none,3,unknown,40,none,own,2,skilled,1,none,yes,No Risk
6152d3fd-e4df-4b6e-855a-4891f9821474,0_to_200,6,prior_payments_delayed,car_new,3452,less_100,4_to_7,3,male,co-applicant,4,car_other,48,none,own,1,skilled,1,none,yes,Risk
45a6bb2c-1db9-49a3-9874-a662f1f86e2d,no_checking,29,prior_payments_delayed,radio_tv,10213,500_to_1000,less_1,3,male,none,4,car_other,38,none,own,2,management_self-employed,1,none,yes,No Risk
0a59d695-51d5-4a28-b6d4-d5a09b092415,0_to_200,26,all_credits_paid_back,furniture,3416,less_100,1_to_4,3,male,none,1,savings_insurance,19,stores,own,1,unskilled,1,none,yes,No Risk
d6bf1dd4-387d-47fd-8ec6-620375b0afc2,0_to_200,13,prior_payments_delayed,radio_tv,3910,less_100,less_1,3,male,none,3,car_other,36,stores,own,2,unskilled,1,none,yes,No Risk
04ae0963-481f-4ad0-9aa5-c53930c83d1e,less_0,4,credits_paid_to_date,car_new,250,less_100,1_to_4,2,female,none,2,real_estate,22,none,own,1,skilled,1,none,yes,No Risk
61d44b9c-5b5b-4145-b475-d9cf8449377f,no_checking,46,outstanding_credit,other,8464,500_to_1000,4_to_7,5,male,none,4,car_other,47,none,free,2,management_self-employed,1,none,yes,Risk
97c7ef52-4392-439e-bbdc-759d089a151d,greater_200,8,credits_paid_to_date,vacation,2674,less_100,less_1,3,female,none,2,savings_insurance,21,none,own,2,management_self-employed,1,none,yes,No Risk
64df7fc7-947a-49ae-bb70-af42488d057e,no_checking,27,prior_payments_delayed,appliances,5893,100_to_500,greater_7,5,female,none,4,car_other,46,none,free,2,skilled,1,none,yes,No Risk
d9825309-9b9a-406f-96bc-0ca1493b6303,greater_200,24,credits_paid_to_date,radio_tv,5600,less_100,less_1,4,male,none,3,car_other,38,stores,own,2,unskilled,1,none,yes,No Risk
730300df-6c34-45fa-b2d5-f65d9d4f83a7,0_to_200,21,credits_paid_to_date,car_new,2442,less_100,4_to_7,3,male,none,4,real_estate,47,none,own,1,management_self-employed,1,none,yes,No Risk
3464da34-eca3-46e0-b930-7022a4e4e34b,no_checking,11,credits_paid_to_date,furniture,2187,less_100,1_to_4,3,female,none,2,real_estate,33,none,own,1,skilled,1,yes,yes,No Risk
627840d2-9121-4f8b-a2f7-baab619afed3,0_to_200,36,outstanding_credit,appliances,5495,unknown,greater_7,5,female,none,3,unknown,49,none,own,2,skilled,2,yes,yes,Risk
e1291019-2bbd-4ef8-a7ba-ab30b5d01e7a,no_checking,8,prior_payments_delayed,radio_tv,2254,100_to_500,greater_7,4,male,none,4,savings_insurance,43,none,own,1,management_self-employed,1,none,yes,Risk
93de9cc0-2faf-455a-b8fd-5e0c649463e2,less_0,8,prior_payments_delayed,furniture,1832,less_100,4_to_7,3,male,none,3,real_estate,31,none,rent,1,skilled,1,none,yes,No Risk
26db7a01-c695-4a32-b1be-c97561a14989,no_checking,27,outstanding_credit,radio_tv,2996,unknown,4_to_7,4,male,none,3,savings_insurance,36,none,own,2,skilled,1,yes,yes,No Risk
3f6006ed-cac6-4c29-bd9f-09b84e9d2e03,0_to_200,15,credits_paid_to_date,furniture,3322,100_to_500,4_to_7,3,female,none,2,car_other,34,none,own,2,skilled,1,yes,yes,No Risk
97a66633-2f90-43d9-a9e1-c7e2786cb7f0,no_checking,9,credits_paid_to_date,car_new,1884,less_100,less_1,2,female,none,3,savings_insurance,27,stores,own,1,unskilled,1,yes,yes,No Risk
4c60dced-82c5-49bf-8d54-8ae8f1d9cda1,less_0,10,all_credits_paid_back,car_new,250,less_100,less_1,1,female,none,2,real_estate,19,none,rent,1,skilled,1,none,yes,No Risk
754bcbb8-07fe-4c28-a201-de8588b620c0,greater_200,33,prior_payments_delayed,furniture,1231,100_to_500,1_to_4,3,male,none,2,savings_insurance,41,none,own,1,skilled,1,none,yes,No Risk
088d7aa9-6044-41f8-8a75-b6f24120cb2d,no_checking,25,prior_payments_delayed,business,6453,greater_1000,greater_7,4,male,none,3,car_other,48,none,own,2,skilled,1,none,yes,Risk
b3db4504-3f1f-4668-bcb6-5155fafb0bbd,no_checking,27,prior_payments_delayed,furniture,7158,100_to_500,greater_7,5,male,none,3,car_other,37,stores,own,2,unskilled,1,none,yes,No Risk
2072ffde-8f29-44fe-9f29-b2ba81be0bd4,0_to_200,31,outstanding_credit,furniture,5702,100_to_500,greater_7,3,female,none,4,unknown,47,none,own,2,skilled,1,yes,yes,Risk
0d6e1a8f-77e2-47d8-9740-b4374d578faf,0_to_200,14,credits_paid_to_date,car_new,2886,100_to_500,unemployed,1,male,none,1,savings_insurance,29,stores,own,1,skilled,1,none,yes,No Risk
1ea451a5-e6f2-4710-9a27-a2f3cec5ec66,less_0,15,prior_payments_delayed,furniture,2746,500_to_1000,greater_7,3,male,none,1,car_other,41,stores,own,2,skilled,1,none,yes,No Risk
b57e8505-059c-4896-855e-7f57f3be2eaf,no_checking,9,prior_payments_delayed,radio_tv,3533,greater_1000,greater_7,3,male,none,4,car_other,38,none,own,1,skilled,1,none,yes,No Risk
ddd18049-c013-4407-a019-c852e8dd66f7,0_to_200,17,prior_payments_delayed,furniture,2292,100_to_500,1_to_4,3,male,none,3,car_other,36,none,own,2,management_self-employed,1,none,yes,Risk
52b8478f-1777-44d6-91e7-834c56a3aabe,0_to_200,4,all_credits_paid_back,car_new,250,100_to_500,less_1,2,female,none,3,real_estate,26,bank,rent,1,unskilled,1,none,yes,No Risk
cc8cd93e-b483-46a0-aca8-81e03ff1e9cc,0_to_200,16,prior_payments_delayed,radio_tv,2208,less_100,greater_7,4,female,none,3,car_other,43,none,free,2,skilled,1,yes,yes,No Risk
8abb56b4-c69c-45d4-bbf0-27b8deeaad24,less_0,4,credits_paid_to_date,car_new,250,100_to_500,less_1,1,female,none,2,savings_insurance,21,none,rent,1,skilled,1,none,yes,No Risk
fbe1eadb-dad3-45f0-a5f2-8ce6dc36c570,less_0,15,credits_paid_to_date,car_new,3012,less_100,1_to_4,2,male,none,1,real_estate,27,none,own,1,skilled,1,none,yes,No Risk
35509a38-50f2-4b0a-a1fb-36c4243e6c92,no_checking,8,prior_payments_delayed,furniture,1073,unknown,4_to_7,3,male,none,3,car_other,46,none,own,1,skilled,1,yes,yes,No Risk
d5a88dfa-8bc6-4fca-b774-c9c091723429,no_checking,27,prior_payments_delayed,appliances,4164,100_to_500,4_to_7,3,female,none,4,savings_insurance,54,none,own,1,skilled,1,none,yes,No Risk
3829c3e9-72e7-4989-bdf2-cec5c439aa67,no_checking,29,outstanding_credit,repairs,4794,500_to_1000,4_to_7,4,male,none,3,unknown,30,none,own,1,skilled,1,yes,yes,No Risk
125a0d38-8cea-45dd-a265-438f8423a493,0_to_200,14,credits_paid_to_date,vacation,2511,100_to_500,1_to_4,2,female,none,1,real_estate,29,none,own,1,skilled,1,none,yes,No Risk
5bd5e633-d821-4d2e-b7ee-c37f705810bd,0_to_200,20,prior_payments_delayed,radio_tv,3424,greater_1000,1_to_4,2,male,none,3,unknown,27,none,own,1,skilled,1,yes,yes,No Risk
f3de3722-2a86-47e9-bb7b-c832717a7b4e,no_checking,44,outstanding_credit,appliances,7532,greater_1000,greater_7,4,male,co-applicant,3,unknown,47,none,own,2,skilled,1,none,yes,Risk
caecb7a2-73f2-4638-8b37-527e8dd79b69,no_checking,41,credits_paid_to_date,appliances,2901,100_to_500,4_to_7,4,female,none,3,savings_insurance,36,none,own,1,skilled,1,none,yes,No Risk
9167e9a5-1aaf-4c1b-84b8-7c7733f02583,no_checking,36,outstanding_credit,repairs,5673,unknown,greater_7,5,male,none,4,unknown,48,none,own,2,skilled,1,none,yes,Risk
4a607e43-9f2e-4ac3-8d86-8a899dbaaa93,greater_200,17,credits_paid_to_date,car_new,250,greater_1000,less_1,1,male,co-applicant,2,real_estate,40,none,own,1,skilled,1,yes,yes,No Risk
800e77db-8e7f-429b-b406-1e4f6d7ff7e8,less_0,14,all_credits_paid_back,car_used,1543,less_100,less_1,2,female,none,2,real_estate,21,none,rent,1,skilled,1,none,yes,No Risk
780ce005-8b93-49dc-a4a4-2799fab10fcf,0_to_200,4,all_credits_paid_back,car_used,1008,less_100,unemployed,2,female,none,3,real_estate,19,none,rent,1,management_self-employed,1,none,yes,No Risk
caa6a0c8-2a39-4bde-9ee8-e5a1d1228d91,less_0,11,prior_payments_delayed,furniture,1546,500_to_1000,4_to_7,3,male,none,3,savings_insurance,28,none,own,2,skilled,1,yes,yes,Risk
0a2b8698-40ba-4417-b1cd-ec9a0dbcdaf3,no_checking,10,credits_paid_to_date,car_used,5056,less_100,4_to_7,3,male,none,3,savings_insurance,47,none,own,3,skilled,1,yes,yes,Risk
63a7a61f-4cc8-44e0-bcc6-c086a2e2d02f,no_checking,28,outstanding_credit,car_used,4926,500_to_1000,1_to_4,3,male,none,3,savings_insurance,38,none,own,2,skilled,2,yes,no,Risk
d5af7e50-7893-4251-8022-27d2335f1083,0_to_200,44,prior_payments_delayed,appliances,5045,unknown,greater_7,4,male,guarantor,4,unknown,36,stores,free,2,unskilled,1,yes,yes,No Risk
d9193884-fd42-477b-99a8-505755eb24e0,no_checking,26,prior_payments_delayed,education,5740,100_to_500,4_to_7,4,female,none,4,car_other,43,none,own,2,management_self-employed,1,yes,yes,Risk
632dc2aa-558d-4976-b586-e7ae41c5f18e,no_checking,36,prior_payments_delayed,other,3114,unknown,4_to_7,3,male,none,4,savings_insurance,27,bank,own,1,unemployed,1,none,yes,No Risk
7b2a1736-71a5-47e9-898d-ec3e4c05ed74,less_0,26,credits_paid_to_date,car_used,3243,less_100,1_to_4,3,male,none,3,car_other,36,none,own,1,skilled,1,none,yes,Risk
bf2129b8-1774-4dc8-8beb-c4a1cf56cc0d,less_0,8,all_credits_paid_back,car_used,250,100_to_500,unemployed,1,male,none,2,real_estate,20,bank,rent,1,unemployed,1,none,yes,No Risk
f3cad71b-ab30-4ecc-a9d2-1ec301a126f5,0_to_200,15,prior_payments_delayed,vacation,5913,less_100,1_to_4,4,male,none,2,unknown,40,none,own,2,management_self-employed,1,none,yes,Risk
ad814721-6382-4427-b814-ba032ddf4847,no_checking,29,outstanding_credit,appliances,6238,500_to_1000,4_to_7,3,male,none,3,car_other,41,none,own,1,skilled,1,none,yes,Risk
bbd09e24-ee29-4737-a551-d9abdeca0bc6,less_0,11,all_credits_paid_back,car_new,250,less_100,unemployed,1,male,none,1,real_estate,26,bank,rent,1,unskilled,1,none,yes,No Risk
f44eb349-0882-4346-90e2-392a9dcdcb00,less_0,16,prior_payments_delayed,appliances,250,less_100,4_to_7,1,male,none,2,savings_insurance,22,stores,own,1,unskilled,1,none,yes,Risk
910b25d9-5715-48d6-9499-909b91fa5812,less_0,13,all_credits_paid_back,car_new,393,less_100,4_to_7,3,male,none,2,real_estate,28,none,own,1,skilled,1,none,yes,No Risk
21e004a7-2bd5-48f6-bc41-f55b1690c478,less_0,7,all_credits_paid_back,car_used,250,less_100,less_1,2,female,none,1,real_estate,19,stores,own,1,skilled,1,none,yes,No Risk
fcd3d182-55e5-4dd5-a885-fc4c8f4da981,no_checking,29,prior_payments_delayed,car_used,8862,unknown,greater_7,5,male,co-applicant,5,unknown,53,none,free,3,skilled,2,yes,yes,Risk
080b29a4-7baa-4d8b-bdda-0f54d0921026,less_0,12,all_credits_paid_back,furniture,250,less_100,1_to_4,1,female,none,1,real_estate,25,stores,rent,1,skilled,1,none,yes,No Risk
3e142087-63fa-4564-8b66-dc146c0ba65e,0_to_200,16,credits_paid_to_date,furniture,3881,less_100,less_1,2,female,co-applicant,3,savings_insurance,43,none,own,1,skilled,1,yes,yes,Risk
274c38bc-0a35-457a-9196-596e5bd7e67d,0_to_200,4,all_credits_paid_back,car_used,250,less_100,1_to_4,2,female,none,1,savings_insurance,22,none,rent,1,skilled,1,none,yes,No Risk
1f84eb06-6a4d-455b-a443-d86f7d8e6191,less_0,10,credits_paid_to_date,car_used,652,less_100,4_to_7,2,male,none,1,savings_insurance,33,stores,own,1,skilled,1,none,yes,No Risk
00c925a3-e399-4093-b735-8c4559b2e6d7,0_to_200,32,credits_paid_to_date,car_used,2703,100_to_500,4_to_7,4,male,none,4,car_other,31,bank,own,1,unemployed,1,yes,yes,No Risk
eabd1f78-579c-4ba3-863a-c7092f03eaee,less_0,13,all_credits_paid_back,car_used,1820,100_to_500,unemployed,2,female,none,3,car_other,28,none,rent,2,skilled,2,none,yes,No Risk
618e283b-616b-4b33-8cbf-2ce9a1cecbc4,no_checking,25,prior_payments_delayed,radio_tv,1668,100_to_500,4_to_7,3,female,none,4,savings_insurance,49,none,free,1,skilled,1,yes,yes,Risk
0d6d3d9a-cbc6-4a76-a469-0a2761b72817,no_checking,40,prior_payments_delayed,appliances,7301,greater_1000,greater_7,5,male,co-applicant,4,savings_insurance,48,none,free,3,skilled,2,yes,yes,Risk
07b3443c-5f77-4f80-b617-a8241f536b39,no_checking,41,outstanding_credit,repairs,3423,unknown,greater_7,5,male,none,5,savings_insurance,56,none,free,2,skilled,1,yes,yes,Risk
50f97126-9076-4078-964f-84ae64b84dd5,no_checking,30,prior_payments_delayed,appliances,6703,unknown,greater_7,4,male,none,3,car_other,54,none,own,2,skilled,1,yes,yes,No Risk
4185a6f5-f78d-4227-b73a-c555f8fc8387,0_to_200,22,credits_paid_to_date,repairs,812,less_100,4_to_7,3,male,none,2,savings_insurance,19,bank,rent,1,unemployed,1,none,yes,No Risk
cbd03f91-65c6-40a9-94f3-7faf42efff90,0_to_200,13,prior_payments_delayed,furniture,2735,500_to_1000,4_to_7,2,female,none,3,savings_insurance,45,stores,rent,2,skilled,1,none,yes,Risk
19852feb-e34e-4d03-81df-79e256d8f127,less_0,28,credits_paid_to_date,radio_tv,530,less_100,1_to_4,2,male,none,2,real_estate,32,stores,own,1,skilled,1,none,yes,No Risk
c3f7cc2f-8a59-403d-9579-94ec24bd2aa8,less_0,17,credits_paid_to_date,retraining,2119,less_100,1_to_4,3,female,none,2,savings_insurance,23,bank,rent,1,unskilled,1,none,yes,No Risk
72d823f7-d29a-42f9-b018-a396fba2589f,no_checking,26,outstanding_credit,furniture,3573,greater_1000,greater_7,5,female,none,5,car_other,39,none,own,2,skilled,1,none,yes,Risk
480cd52e-8b9d-435d-a378-ab2180312ff7,no_checking,25,prior_payments_delayed,education,6921,greater_1000,greater_7,4,male,none,3,unknown,50,none,own,3,skilled,2,yes,yes,Risk
e84a53a0-a38b-4990-9106-195fbe9f9576,0_to_200,4,credits_paid_to_date,car_new,1652,500_to_1000,1_to_4,3,male,none,3,savings_insurance,28,none,rent,1,skilled,2,none,yes,No Risk
1d19ce1e-319e-4577-96f0-1fbbddf97fd5,less_0,23,prior_payments_delayed,furniture,3379,less_100,greater_7,4,male,none,2,car_other,42,none,own,1,skilled,1,none,yes,No Risk
713ba234-eb15-4e91-8f45-f303a1a2d4d7,no_checking,17,credits_paid_to_date,car_new,2720,100_to_500,1_to_4,3,male,none,4,savings_insurance,34,none,rent,1,management_self-employed,1,none,yes,No Risk
7b6ebb2c-8957-490a-a259-38b0e0e7793b,less_0,20,prior_payments_delayed,retraining,2305,less_100,greater_7,4,female,none,3,car_other,45,none,own,2,skilled,1,yes,no,Risk
289c38e4-60cd-4aaa-991a-4f3a6f99601c,less_0,14,prior_payments_delayed,repairs,250,less_100,unemployed,1,male,none,1,real_estate,19,bank,rent,1,unemployed,1,none,yes,No Risk
d757e736-58e6-4816-bac0-7f90d0c9579b,greater_200,24,credits_paid_to_date,furniture,3428,500_to_1000,4_to_7,4,male,none,4,savings_insurance,38,none,own,1,skilled,1,none,yes,No Risk
e1ecae2f-fedc-4f6f-b795-2651cf6035e9,less_0,4,all_credits_paid_back,car_new,250,less_100,less_1,2,male,none,2,savings_insurance,23,none,own,1,skilled,1,none,yes,No Risk
ec2249d0-e516-43a2-9fd9-f1629818ef3b,no_checking,40,prior_payments_delayed,vacation,5585,500_to_1000,4_to_7,5,male,none,4,car_other,42,none,own,2,skilled,1,yes,yes,No Risk
96757729-8aee-49ad-8d6a-8ca06530190b,less_0,17,prior_payments_delayed,car_new,3366,less_100,1_to_4,2,female,none,2,car_other,31,stores,own,1,skilled,1,none,yes,No Risk
3c15bde7-4f9c-4618-807c-301f4fb1ac9b,no_checking,26,prior_payments_delayed,car_used,7192,100_to_500,1_to_4,3,male,none,3,car_other,50,stores,own,2,unskilled,1,yes,yes,No Risk
bc0fc84a-47a4-4716-9daa-8c84ea96428b,no_checking,27,prior_payments_delayed,appliances,6932,100_to_500,4_to_7,5,female,none,4,car_other,35,none,own,1,management_self-employed,1,yes,yes,Risk
0cb28e05-c7e8-4739-8064-addeb617c45a,no_checking,33,prior_payments_delayed,furniture,4603,500_to_1000,greater_7,4,male,none,3,unknown,59,none,own,2,skilled,1,yes,yes,Risk
bb308cb3-3694-4bf3-8781-429293c5b32b,no_checking,19,credits_paid_to_date,car_new,1005,500_to_1000,1_to_4,2,female,none,3,real_estate,33,bank,own,1,unskilled,1,yes,yes,No Risk
200c8fc6-6e9e-4dd1-beba-c08dda05fa82,0_to_200,15,credits_paid_to_date,furniture,3481,500_to_1000,1_to_4,2,male,none,3,car_other,43,none,own,1,skilled,2,yes,yes,No Risk
f39b43ac-c64f-4666-99ed-5bdb7ae1f5e5,no_checking,21,credits_paid_to_date,retraining,4789,100_to_500,greater_7,3,male,none,4,savings_insurance,43,none,own,2,management_self-employed,1,yes,yes,Risk
8b636061-1f01-4931-a505-ba7bf65de90d,no_checking,32,outstanding_credit,vacation,6483,500_to_1000,4_to_7,3,female,none,4,unknown,44,none,own,2,skilled,1,yes,yes,Risk
80b0a45c-5b19-4c5e-bca4-8378dd16dd6c,greater_200,22,credits_paid_to_date,car_used,250,less_100,1_to_4,3,female,none,3,real_estate,37,none,own,1,skilled,1,none,yes,No Risk
02ee6356-e95a-4d4f-8c31-319c20a8a914,less_0,9,no_credits,car_new,438,less_100,unemployed,1,male,co-applicant,2,savings_insurance,30,stores,own,2,unskilled,1,none,yes,No Risk
f43ae79b-dea9-4257-8812-c04dec5d1aa6,less_0,11,all_credits_paid_back,furniture,850,less_100,less_1,2,male,none,2,savings_insurance,19,none,rent,1,skilled,1,none,yes,No Risk
236f756d-acae-4675-a832-ce3aa9c8f0f5,no_checking,28,prior_payments_delayed,car_used,4649,100_to_500,4_to_7,4,female,none,3,savings_insurance,44,none,own,2,skilled,1,none,yes,Risk
d158f65c-b2e9-458c-864e-d4a684f0cb51,less_0,4,all_credits_paid_back,car_new,250,less_100,1_to_4,1,male,none,2,real_estate,19,stores,rent,2,unskilled,1,none,yes,Risk
b38729b5-a4a7-41fa-8d62-bb309ab4ba41,no_checking,30,prior_payments_delayed,car_used,5241,100_to_500,1_to_4,2,male,none,3,savings_insurance,37,none,own,1,skilled,2,yes,yes,Risk
c41f6940-665d-4ba7-8375-aafc882c6bf7,0_to_200,42,prior_payments_delayed,repairs,1420,500_to_1000,greater_7,3,female,none,2,car_other,26,stores,own,1,unskilled,1,none,yes,No Risk
b32b9e1e-e852-44c9-99ff-f49c2bdaa2df,greater_200,21,credits_paid_to_date,car_used,3170,greater_1000,greater_7,3,male,none,2,savings_insurance,41,none,rent,1,skilled,1,none,yes,Risk
47bdd142-d683-4801-8839-d7feca72ebdd,0_to_200,28,credits_paid_to_date,radio_tv,337,100_to_500,less_1,1,female,none,2,car_other,21,stores,own,1,skilled,1,none,yes,No Risk
381ffc84-5790-4e85-858a-404598531796,0_to_200,21,credits_paid_to_date,car_new,2638,less_100,1_to_4,3,male,none,3,savings_insurance,27,none,own,2,skilled,1,yes,yes,Risk
4ac7fd10-fcab-40fb-b4fa-74037732c694,no_checking,30,prior_payments_delayed,radio_tv,9560,100_to_500,4_to_7,3,male,co-applicant,3,unknown,39,none,free,2,skilled,1,none,yes,Risk
02df1f3e-81b3-4d41-a5a9-df557faad3af,0_to_200,18,prior_payments_delayed,radio_tv,4560,500_to_1000,1_to_4,3,male,none,2,savings_insurance,32,none,own,1,skilled,1,none,yes,No Risk
57b92093-2da6-49f8-abb9-f5bbb2963336,no_checking,45,prior_payments_delayed,other,6580,500_to_1000,4_to_7,4,male,none,4,car_other,32,none,own,1,skilled,1,yes,yes,No Risk
df0618f5-73d1-48cf-8402-fd85011aca53,less_0,20,prior_payments_delayed,radio_tv,1023,100_to_500,greater_7,3,male,none,2,savings_insurance,33,none,rent,2,skilled,1,none,yes,No Risk
1acb3139-808f-4e38-b9dc-0f528aacf16e,0_to_200,4,all_credits_paid_back,car_new,332,less_100,1_to_4,2,male,none,3,real_estate,19,none,rent,1,management_self-employed,1,none,yes,No Risk
91e3e9df-2f60-454f-b776-aca62feee24e,less_0,13,prior_payments_delayed,furniture,690,less_100,1_to_4,3,male,none,3,savings_insurance,27,none,own,1,skilled,2,yes,yes,No Risk
ed51ff73-d5f4-48ba-8592-0616f73ac2b1,less_0,4,no_credits,car_new,250,less_100,unemployed,1,female,none,1,real_estate,20,none,rent,2,skilled,1,none,yes,No Risk
c6512eab-ac90-428e-ad6a-ffbd1506d3d9,no_checking,44,prior_payments_delayed,radio_tv,5275,unknown,greater_7,5,male,co-applicant,5,unknown,53,none,free,2,skilled,2,yes,yes,Risk
7a60a068-09d3-4e2a-bd7e-9c5469e9afa5,no_checking,48,outstanding_credit,other,8310,500_to_1000,4_to_7,5,male,co-applicant,4,unknown,36,none,free,2,skilled,2,yes,yes,Risk
cde49f32-fa8c-4644-abff-ba43ce30c76f,0_to_200,19,prior_payments_delayed,retraining,3944,100_to_500,1_to_4,2,female,none,2,car_other,43,none,own,2,skilled,1,none,yes,No Risk
9006f9d6-02e3-4aa1-9685-4706f3123a61,less_0,4,all_credits_paid_back,education,250,100_to_500,less_1,1,male,none,2,real_estate,19,none,rent,1,skilled,1,none,yes,No Risk
094fd97b-d6ae-4b21-bd68-05b415260b31,0_to_200,26,credits_paid_to_date,retraining,2987,100_to_500,less_1,2,female,none,2,savings_insurance,39,none,own,1,skilled,1,none,yes,No Risk
8fba22d6-e8fc-4402-8cdd-d897dad1b2c1,less_0,4,all_credits_paid_back,car_new,250,less_100,unemployed,1,female,none,2,real_estate,19,bank,rent,1,unskilled,1,none,yes,No Risk
f190eadb-9c09-4954-9994-2558a5b94944,no_checking,39,prior_payments_delayed,repairs,6418,500_to_1000,4_to_7,5,male,none,4,car_other,43,none,free,2,management_self-employed,1,yes,no,No Risk
e8d6098a-f9b2-4fd7-85b3-5da35edcabfa,less_0,6,prior_payments_delayed,car_new,1918,less_100,less_1,2,male,none,1,car_other,19,none,own,1,skilled,1,none,yes,Risk
d24c595c-b1a3-4700-b098-f4806951cb8e,no_checking,31,prior_payments_delayed,business,6811,100_to_500,1_to_4,3,male,none,4,savings_insurance,56,none,own,2,management_self-employed,2,yes,yes,No Risk
48682040-e4f7-4fed-a994-0e21b05a27df,less_0,4,credits_paid_to_date,car_new,250,less_100,1_to_4,1,female,none,2,car_other,31,none,own,1,skilled,1,yes,yes,No Risk
1c57d5e4-33de-470a-892e-a5a3668c61b9,no_checking,40,prior_payments_delayed,vacation,6795,greater_1000,4_to_7,3,female,co-applicant,2,unknown,40,bank,own,2,unskilled,2,yes,yes,Risk
b42f2ee1-f51d-4816-aba4-f467a5bd0a79,0_to_200,33,outstanding_credit,vacation,1006,500_to_1000,4_to_7,4,male,none,3,car_other,26,none,own,2,skilled,1,none,yes,No Risk
6d7c967d-7f79-46c4-a843-269ba42f543c,less_0,20,credits_paid_to_date,car_used,4042,500_to_1000,4_to_7,3,male,co-applicant,2,car_other,40,none,own,1,skilled,1,yes,yes,Risk
e77a6a0f-4f9e-4429-9132-afe3ba572fd2,0_to_200,17,credits_paid_to_date,car_new,250,less_100,less_1,1,female,none,1,real_estate,27,none,own,1,skilled,1,none,yes,No Risk
fb940b2e-6b16-4846-9c17-80ed4519472c,0_to_200,25,credits_paid_to_date,retraining,4411,less_100,4_to_7,2,male,none,1,savings_insurance,35,stores,own,2,skilled,1,none,yes,No Risk
e669884c-1499-4cf6-9718-a26c4222ca21,no_checking,12,credits_paid_to_date,car_new,484,100_to_500,less_1,2,female,none,2,real_estate,29,none,own,1,skilled,1,none,yes,No Risk
35d39ea5-8d7d-4d11-bcea-c11ed7160e0e,less_0,12,all_credits_paid_back,car_new,536,less_100,1_to_4,2,female,none,2,savings_insurance,32,none,own,1,skilled,1,none,yes,No Risk
69a59184-d927-4590-bc5c-810db30866dc,less_0,12,all_credits_paid_back,car_new,250,500_to_1000,1_to_4,1,male,none,2,real_estate,29,stores,rent,1,skilled,1,none,yes,No Risk
bea14533-bb11-498c-a95d-e4f421ba4eac,0_to_200,23,outstanding_credit,appliances,2649,500_to_1000,1_to_4,2,male,none,2,car_other,32,none,own,2,skilled,1,none,yes,Risk
8300835e-0f51-4b0e-84ad-ddc288fcfc05,less_0,22,prior_payments_delayed,furniture,1779,greater_1000,greater_7,3,male,none,3,car_other,31,stores,own,2,skilled,2,yes,yes,Risk
eaba22b0-ae73-4a92-a6f9-b1910517e54b,0_to_200,17,prior_payments_delayed,radio_tv,2164,100_to_500,less_1,2,male,none,3,savings_insurance,36,none,own,1,management_self-employed,1,yes,yes,No Risk
68e06ef8-0a28-4cd5-bbf3-ea7ba55fe542,0_to_200,12,credits_paid_to_date,car_new,296,500_to_1000,1_to_4,2,male,none,2,savings_insurance,21,none,own,3,skilled,1,none,yes,No Risk
7504b7c5-d21c-4e87-83e6-cd2da340d754,greater_200,21,credits_paid_to_date,radio_tv,4722,less_100,4_to_7,3,female,none,3,car_other,44,none,own,2,skilled,1,none,yes,Risk
97c3a037-ac62-427e-b233-0848c54bb56a,less_0,7,all_credits_paid_back,car_used,779,100_to_500,less_1,1,female,none,2,real_estate,28,none,own,2,skilled,1,none,yes,No Risk
242f962d-4a5b-4929-9940-8405e1d411ce,no_checking,50,outstanding_credit,appliances,10184,greater_1000,greater_7,5,male,co-applicant,5,unknown,53,none,own,3,skilled,2,yes,yes,Risk
059555c1-6813-47e9-a70d-173c9fa3a54a,less_0,15,credits_paid_to_date,car_used,250,500_to_1000,4_to_7,3,male,none,1,savings_insurance,28,none,rent,1,skilled,1,none,yes,No Risk
4f705c4d-ce6f-4a41-9f10-c8c19db65466,no_checking,32,outstanding_credit,repairs,6169,unknown,greater_7,5,female,co-applicant,5,unknown,47,stores,own,3,unskilled,2,yes,yes,Risk
91ec21fd-9e7d-4c7b-b161-f6907b547482,no_checking,19,outstanding_credit,retraining,8121,100_to_500,4_to_7,4,male,none,3,unknown,38,stores,own,1,unskilled,1,none,yes,Risk
2ce413e9-f91c-4f8c-8ba8-12132eec4d2a,0_to_200,30,credits_paid_to_date,education,2875,less_100,1_to_4,2,male,none,3,real_estate,33,none,own,2,skilled,1,yes,yes,No Risk
bdf201ff-b48f-41d5-b0a7-8134ee1b6316,less_0,4,credits_paid_to_date,car_new,2890,less_100,1_to_4,2,female,none,2,real_estate,26,none,own,2,management_self-employed,1,none,yes,No Risk
1040ad36-1e3d-4915-a754-9660073e4df7,no_checking,28,prior_payments_delayed,other,6675,100_to_500,greater_7,4,female,none,3,car_other,47,none,free,2,skilled,1,none,yes,No Risk
c4d799d7-0891-429c-b53a-9416e02192cf,no_checking,33,prior_payments_delayed,furniture,5692,500_to_1000,1_to_4,4,female,none,3,unknown,38,bank,own,2,unemployed,1,yes,yes,No Risk
58e4623d-05c0-42a8-993b-a48867e15cec,no_checking,24,prior_payments_delayed,radio_tv,6302,100_to_500,less_1,4,female,co-applicant,3,savings_insurance,45,none,own,1,skilled,1,none,yes,No Risk
096eb036-edca-46fe-825f-117c5f15f887,less_0,13,prior_payments_delayed,car_used,2458,less_100,less_1,3,male,none,2,real_estate,19,none,own,1,skilled,1,none,yes,No Risk
8a0d888a-c648-4b44-8e49-11a37ece730d,less_0,9,prior_payments_delayed,car_new,4609,less_100,1_to_4,3,male,none,2,savings_insurance,36,none,rent,1,skilled,2,none,yes,No Risk
aed0b784-8055-4596-b485-c7eba1d83c79,less_0,12,prior_payments_delayed,car_new,4304,500_to_1000,greater_7,2,female,none,3,unknown,24,stores,rent,1,skilled,2,none,yes,No Risk
9b51467e-2bef-4964-9bd2-332dfa06473e,0_to_200,29,credits_paid_to_date,furniture,2642,less_100,1_to_4,2,female,none,3,savings_insurance,41,none,rent,2,skilled,1,yes,yes,Risk
9c8d31bd-cd04-4d8c-8016-8a7a4d260785,less_0,4,credits_paid_to_date,car_new,250,less_100,1_to_4,1,female,none,1,real_estate,19,none,rent,1,skilled,1,none,yes,No Risk
6f39740f-a639-4149-84e8-52c05ddd288f,no_checking,28,outstanding_credit,business,6891,500_to_1000,4_to_7,3,female,none,4,unknown,48,none,own,2,skilled,2,yes,yes,Risk
01917ee7-4356-4a5c-a74c-273583da4918,less_0,8,prior_payments_delayed,car_new,368,less_100,less_1,2,female,none,2,real_estate,29,none,rent,1,skilled,1,none,yes,No Risk
43f184ae-8444-471c-8902-77fbad307dd8,greater_200,19,credits_paid_to_date,retraining,5242,100_to_500,1_to_4,2,male,none,1,savings_insurance,38,none,own,1,skilled,1,none,yes,No Risk
00d56afc-0170-45db-9bed-7f0758833d8c,less_0,12,all_credits_paid_back,furniture,250,less_100,less_1,1,male,none,2,real_estate,19,none,rent,1,skilled,1,none,yes,No Risk
0cc234e1-eca0-40ee-933d-619cf805bea6,no_checking,31,prior_payments_delayed,appliances,5060,100_to_500,4_to_7,3,male,none,3,unknown,50,none,own,2,management_self-employed,1,yes,yes,No Risk
9e88af1d-7a99-4dd5-a68e-9869a352d89f,no_checking,21,outstanding_credit,furniture,2960,500_to_1000,1_to_4,2,male,none,4,unknown,27,none,own,1,skilled,1,yes,yes,Risk
989c7753-936d-466a-bc61-69fa7de2f4db,no_checking,36,outstanding_credit,radio_tv,7689,greater_1000,greater_7,4,male,co-applicant,3,unknown,51,none,free,2,skilled,1,yes,yes,Risk
677f7eaa-f043-40d8-9449-a98bdb7dbd7f,less_0,4,no_credits,car_new,250,less_100,less_1,1,female,none,1,real_estate,23,stores,rent,1,unskilled,1,none,yes,No Risk
f54b8b7c-f8a9-421b-a137-0ebd414a81dc,0_to_200,14,all_credits_paid_back,car_used,3072,less_100,1_to_4,3,female,none,3,real_estate,30,none,rent,1,management_self-employed,1,none,yes,No Risk
d8ae72c1-7cab-4cfc-b3e8-2161538d2df4,0_to_200,5,all_credits_paid_back,car_new,250,100_to_500,1_to_4,1,female,none,1,real_estate,31,stores,rent,1,skilled,1,none,yes,No Risk
42875a7d-d8df-47a9-bff8-6cbdd2f36ce2,no_checking,44,outstanding_credit,education,9119,greater_1000,greater_7,5,male,co-applicant,4,unknown,46,none,own,2,management_self-employed,2,yes,yes,Risk
7f68b8a4-7e72-4b10-8dc5-485aec4c9d44,no_checking,20,outstanding_credit,furniture,3893,500_to_1000,4_to_7,4,male,none,3,unknown,42,none,own,2,skilled,1,yes,yes,Risk
30203da2-f5b9-4f68-9f80-a33819a2f262,no_checking,31,prior_payments_delayed,business,4999,100_to_500,4_to_7,4,female,none,3,unknown,51,none,own,1,skilled,1,yes,yes,Risk
93f7d6df-c304-484a-b0b0-82cc59f648aa,less_0,4,all_credits_paid_back,car_new,250,less_100,1_to_4,2,male,none,3,real_estate,19,bank,rent,1,unskilled,1,none,yes,No Risk
81399409-8bdb-4371-87e2-f6c966bf3178,no_checking,27,prior_payments_delayed,business,5245,100_to_500,1_to_4,3,male,none,4,savings_insurance,46,none,own,1,management_self-employed,2,yes,yes,No Risk
64990188-5a75-4e68-892c-a829480e8925,less_0,4,all_credits_paid_back,car_new,250,less_100,unemployed,1,male,none,2,real_estate,26,stores,rent,1,skilled,1,none,yes,No Risk
d745490e-bb9c-441a-8584-3c993255a707,0_to_200,32,credits_paid_to_date,business,4313,less_100,1_to_4,4,female,none,2,car_other,38,bank,own,2,unemployed,2,none,yes,No Risk
76e3ba5a-9132-40de-9e87-a733713568cc,0_to_200,12,credits_paid_to_date,vacation,1376,less_100,less_1,3,female,none,1,real_estate,22,none,own,1,skilled,1,none,yes,No Risk
db0db474-4d4e-4d6f-9ebb-4459ea6cc807,less_0,9,all_credits_paid_back,car_used,1931,less_100,unemployed,1,female,none,2,real_estate,24,stores,rent,1,unskilled,1,none,yes,No Risk
e7f4f136-0854-45d9-bf71-67411eb48120,0_to_200,9,all_credits_paid_back,car_new,1455,less_100,less_1,2,female,none,3,car_other,19,bank,own,1,unskilled,1,yes,yes,No Risk
0686bb35-b076-4718-afa3-8b9c4e26fcca,0_to_200,31,outstanding_credit,furniture,3811,100_to_500,4_to_7,3,male,none,2,car_other,34,none,own,1,skilled,1,none,yes,Risk
b7fc0dad-5e9c-4200-9a5b-e7791c825a25,0_to_200,15,credits_paid_to_date,car_new,1327,less_100,less_1,3,female,none,2,real_estate,39,none,rent,1,skilled,1,none,yes,No Risk
47a50291-0286-48a4-89ca-c531122113a4,0_to_200,17,credits_paid_to_date,vacation,6563,less_100,4_to_7,3,female,none,2,car_other,42,bank,own,2,unskilled,2,yes,yes,No Risk
f81305ed-d72b-42a1-bd2a-28d049774f25,no_checking,13,credits_paid_to_date,car_used,1506,less_100,4_to_7,4,male,none,4,savings_insurance,36,none,own,2,management_self-employed,1,none,yes,No Risk
d9d52bad-4c82-426e-ae6f-c228adaebf40,no_checking,31,prior_payments_delayed,car_used,4422,unknown,greater_7,5,male,none,4,savings_insurance,43,none,own,2,skilled,1,none,yes,No Risk
744058c9-6b61-43dd-bd7f-dcd4cd49fbd7,0_to_200,12,credits_paid_to_date,vacation,3349,500_to_1000,less_1,1,male,none,3,real_estate,20,none,rent,1,skilled,1,none,yes,No Risk
c1fdb31f-0147-4286-ae6d-ba99f04cfec3,0_to_200,24,credits_paid_to_date,furniture,2912,less_100,less_1,3,male,none,3,savings_insurance,30,none,rent,2,skilled,1,none,yes,No Risk
32fb3744-6e6e-40b2-9368-ab9da046d7fa,no_checking,33,outstanding_credit,other,8575,unknown,4_to_7,5,male,none,4,unknown,45,stores,free,2,unskilled,2,yes,yes,Risk
20222c93-87c1-43da-b4ca-ee35c0ce76fe,0_to_200,29,credits_paid_to_date,furniture,6343,500_to_1000,1_to_4,3,male,none,2,savings_insurance,34,bank,own,2,unskilled,1,none,yes,No Risk
a42f7066-42fa-4531-a919-f38882220092,0_to_200,4,no_credits,repairs,250,less_100,less_1,1,male,none,2,real_estate,24,none,rent,1,skilled,1,none,yes,No Risk
c3660f28-be53-4e50-bb6f-11b2d0fedc60,no_checking,28,prior_payments_delayed,car_used,6780,100_to_500,less_1,2,male,none,4,car_other,40,none,own,2,management_self-employed,1,none,yes,No Risk
8556d934-bb47-42ea-b212-20406de8a22b,less_0,8,prior_payments_delayed,furniture,250,less_100,4_to_7,3,male,none,3,real_estate,36,none,own,1,skilled,1,yes,yes,No Risk
1540e3fd-dd96-4490-8067-7e03c15c9717,no_checking,37,prior_payments_delayed,radio_tv,6326,500_to_1000,greater_7,5,male,co-applicant,3,unknown,56,none,free,2,skilled,1,yes,yes,Risk
493fee7e-4f18-48fb-b3ca-4ff78f6eddfb,0_to_200,24,outstanding_credit,education,690,unknown,4_to_7,3,male,none,3,savings_insurance,35,none,own,1,skilled,1,none,yes,No Risk
04a58b49-e9bd-4fcc-ac16-e2027d56fcce,no_checking,26,prior_payments_delayed,car_used,5728,unknown,4_to_7,4,male,none,5,car_other,46,none,free,3,skilled,2,yes,yes,No Risk
8ef77815-6e18-45c0-8f84-ff49aacf3d8a,less_0,27,credits_paid_to_date,car_new,1675,less_100,4_to_7,3,male,none,2,savings_insurance,31,none,own,1,skilled,1,yes,yes,No Risk
3afbfb46-c99a-4159-b817-15a09b519167,no_checking,28,prior_payments_delayed,appliances,6272,500_to_1000,greater_7,4,male,co-applicant,4,car_other,42,stores,own,2,unskilled,2,yes,yes,Risk
9c056d0f-cee1-41c5-9454-183daa865e46,0_to_200,4,credits_paid_to_date,car_new,250,less_100,1_to_4,2,female,none,1,real_estate,32,none,own,1,skilled,1,none,yes,No Risk
dee18f5d-35ea-4114-81bd-5170a305113e,less_0,9,all_credits_paid_back,appliances,250,100_to_500,less_1,2,female,none,1,savings_insurance,40,none,own,2,skilled,2,yes,yes,No Risk
17324151-1819-461d-8202-844464b7679d,no_checking,27,outstanding_credit,furniture,4041,500_to_1000,4_to_7,3,male,none,2,savings_insurance,52,stores,free,2,unskilled,2,yes,yes,No Risk
a2153c8f-62d7-4dce-80b1-c8f531417f21,no_checking,26,outstanding_credit,business,9293,500_to_1000,greater_7,4,male,none,3,car_other,57,none,free,3,skilled,1,yes,no,Risk
54e5077f-09ae-4a4b-a2b9-cc57b6f9ff19,no_checking,22,prior_payments_delayed,car_used,2916,500_to_1000,1_to_4,3,male,none,3,savings_insurance,27,none,own,1,skilled,1,none,yes,Risk
6de5f995-0e73-4b00-abb0-3f836c95b662,greater_200,25,outstanding_credit,appliances,4400,500_to_1000,1_to_4,2,female,none,3,unknown,43,stores,own,1,skilled,1,none,yes,No Risk
d3e5e919-7761-49e8-b411-5c5c55dbcfb2,no_checking,34,outstanding_credit,furniture,5424,greater_1000,greater_7,5,male,co-applicant,5,car_other,33,none,free,1,skilled,1,yes,yes,Risk
9277981c-0976-4ab0-80ab-fd1fff02e00e,0_to_200,34,prior_payments_delayed,radio_tv,6163,100_to_500,1_to_4,4,male,none,3,savings_insurance,33,none,own,2,skilled,1,none,yes,No Risk
a30068a4-09ef-44af-9803-7d12e04f4149,no_checking,25,prior_payments_delayed,education,5194,100_to_500,less_1,4,female,none,4,car_other,26,none,own,2,skilled,1,none,yes,Risk
c1b8bd1f-c999-4967-b7d1-68cddbe4f301,no_checking,44,prior_payments_delayed,radio_tv,7899,unknown,greater_7,5,male,co-applicant,4,unknown,54,none,free,3,unskilled,1,yes,yes,Risk
ec610455-3796-45fd-b9d2-bf611c137d81,no_checking,26,all_credits_paid_back,appliances,5232,less_100,1_to_4,3,male,none,3,real_estate,26,stores,own,1,unskilled,1,none,yes,No Risk
f0932551-5e47-49c3-a366-6996129075d2,0_to_200,26,credits_paid_to_date,radio_tv,3261,less_100,less_1,3,male,none,3,real_estate,36,none,own,1,management_self-employed,1,none,yes,No Risk
f9fb1e6f-d88e-454f-bab0-950ecca49602,no_checking,46,outstanding_credit,education,5670,unknown,greater_7,5,male,co-applicant,3,car_other,49,stores,own,2,unskilled,2,yes,yes,No Risk
5ae98fa0-63df-4a2f-8565-d8cc6c967542,greater_200,23,credits_paid_to_date,business,4031,500_to_1000,greater_7,4,male,none,4,car_other,47,none,own,2,skilled,2,yes,yes,No Risk
b6ab9af9-73ee-4f78-b4de-3ac2b121e4d9,no_checking,34,prior_payments_delayed,appliances,5422,500_to_1000,4_to_7,5,female,none,4,unknown,34,none,own,2,skilled,2,yes,yes,Risk
1a60f153-b644-488b-bf84-3a7d8f61995f,no_checking,26,prior_payments_delayed,car_used,4660,100_to_500,1_to_4,3,female,guarantor,4,savings_insurance,60,none,own,2,skilled,1,yes,yes,Risk
a3e37bb1-083f-48ca-a580-0eb0f3315d49,0_to_200,17,credits_paid_to_date,car_used,3002,less_100,less_1,3,female,none,2,car_other,41,bank,own,2,unskilled,1,yes,yes,No Risk
fc7efd34-be32-425b-adee-55688ebe711d,no_checking,41,outstanding_credit,radio_tv,6124,greater_1000,greater_7,5,male,co-applicant,5,unknown,51,none,free,2,skilled,2,yes,yes,Risk
8ccbf558-e24d-4c15-96cd-b65e07605552,0_to_200,18,prior_payments_delayed,repairs,250,100_to_500,1_to_4,2,male,co-applicant,3,real_estate,39,none,own,1,skilled,1,none,yes,No Risk
4447f4e4-e7c8-439e-a852-f812aaeb0b7c,less_0,24,credits_paid_to_date,retraining,7200,less_100,1_to_4,3,female,none,1,unknown,29,none,own,1,skilled,1,none,yes,No Risk
a7046943-808a-462e-8cd1-bc4bdb2dc001,greater_200,32,outstanding_credit,furniture,1528,greater_1000,1_to_4,4,male,none,4,car_other,29,none,own,1,skilled,1,none,yes,No Risk
8881b062-6bf8-499a-bca8-58ffa0271039,0_to_200,28,credits_paid_to_date,car_used,2605,less_100,1_to_4,3,female,none,3,savings_insurance,36,none,free,1,skilled,1,none,no,Risk
10e9e3f0-48a8-4b32-9841-3a4dbf100e34,no_checking,17,credits_paid_to_date,car_used,1841,100_to_500,less_1,2,male,none,2,real_estate,35,none,own,1,skilled,1,none,yes,No Risk
798c264f-6dda-4e7e-b302-b15d5917a939,no_checking,37,credits_paid_to_date,appliances,4989,100_to_500,greater_7,4,male,none,3,savings_insurance,39,none,own,2,skilled,2,yes,yes,No Risk
1641efe6-db1c-4ea0-bf12-ba93725f1710,no_checking,31,outstanding_credit,repairs,5548,500_to_1000,4_to_7,4,male,none,4,savings_insurance,32,stores,own,1,skilled,2,yes,yes,No Risk
437169be-585d-4a14-9b92-d83c57fae525,0_to_200,18,credits_paid_to_date,car_new,3689,500_to_1000,unemployed,1,male,none,1,real_estate,36,none,own,1,skilled,2,yes,yes,No Risk
def993ae-bc14-4b71-bfa2-949512105ab6,less_0,11,all_credits_paid_back,car_new,716,less_100,unemployed,1,male,none,2,real_estate,38,stores,own,1,skilled,1,none,yes,No Risk
1a7c1090-aa70-423a-b1ba-42758c8bb0a1,no_checking,26,prior_payments_delayed,car_used,5072,100_to_500,1_to_4,3,male,co-applicant,4,savings_insurance,41,none,own,1,skilled,1,none,yes,No Risk
b6cb025b-1c01-4b4e-8d84-47a189d6009a,no_checking,38,outstanding_credit,appliances,3176,greater_1000,greater_7,4,male,co-applicant,4,car_other,70,none,own,2,skilled,1,yes,yes,Risk
80405878-4fdd-46df-a8d2-96ab1380ac15,no_checking,32,all_credits_paid_back,furniture,4005,greater_1000,4_to_7,3,male,none,2,car_other,35,stores,own,2,unskilled,1,none,yes,No Risk
fa90cb52-4158-4661-9aeb-0581167c810f,no_checking,39,prior_payments_delayed,appliances,4777,500_to_1000,greater_7,5,male,guarantor,4,car_other,36,none,free,2,skilled,1,yes,yes,Risk
e21308f7-2a9f-45d3-99b2-f6e1a977e383,no_checking,32,prior_payments_delayed,car_used,5497,500_to_1000,4_to_7,4,male,guarantor,5,car_other,51,none,free,2,skilled,1,yes,yes,No Risk
c16503fc-f193-49ca-9ab2-2b50542b3a88,greater_200,18,credits_paid_to_date,car_new,1325,less_100,1_to_4,2,female,none,2,savings_insurance,36,bank,rent,1,unemployed,1,none,yes,No Risk
926cea89-8c8f-4e2e-a9a2-2664f1da5e1f,0_to_200,14,prior_payments_delayed,appliances,4902,greater_1000,greater_7,4,male,co-applicant,4,savings_insurance,46,none,own,1,skilled,1,yes,yes,No Risk
39156bad-5d67-4b05-8891-99b36c2294e2,no_checking,31,prior_payments_delayed,radio_tv,6568,100_to_500,less_1,4,male,none,5,car_other,31,none,own,1,management_self-employed,1,none,yes,No Risk
e2ca6604-7ce5-4b32-bab3-7596b4cd8bc7,no_checking,40,prior_payments_delayed,vacation,6386,500_to_1000,4_to_7,5,male,co-applicant,5,unknown,49,none,own,1,skilled,1,yes,yes,Risk
8ec7b95a-9a6f-44b4-a339-22297d0f28c5,no_checking,31,outstanding_credit,furniture,7285,500_to_1000,4_to_7,4,male,co-applicant,5,car_other,32,none,own,1,management_self-employed,2,yes,yes,Risk
d616a9e0-1a98-4ecb-ba90-8452dc226d4f,less_0,27,credits_paid_to_date,car_new,1815,less_100,4_to_7,2,male,none,3,savings_insurance,36,bank,rent,1,unemployed,1,none,yes,No Risk
ff32573c-a6cd-46f1-af70-25705b0e39d5,less_0,7,no_credits,car_new,250,less_100,unemployed,2,male,none,2,real_estate,19,none,rent,1,skilled,1,none,yes,No Risk
9b6b2612-9ad4-48fa-bddb-4ce72683cc55,0_to_200,33,prior_payments_delayed,car_used,3130,greater_1000,4_to_7,3,female,co-applicant,4,car_other,45,none,own,2,skilled,1,yes,yes,Risk
ba49a7ac-eee8-406a-9632-1d841c0cd0f5,no_checking,29,outstanding_credit,furniture,6815,unknown,greater_7,4,male,co-applicant,3,car_other,36,none,own,2,skilled,1,yes,yes,Risk
